player_name,expanded_seasons
LeBron James,2005-06
LeBron James,2006-07
LeBron James,2007-08
LeBron James,2008-09
LeBron James,2009-10
LeBron James,2010-11
LeBron James,2011-12
LeBron James,2012-13
LeBron James,2013-14
LeBron James,2014-15
LeBron James,2015-16
LeBron James,2016-17
LeBron James,2017-18
LeBron James,2018-19
LeBron James,2019-20
LeBron James,2020-21
LeBron James,2021-22
LeBron James,2022-23
LeBron James,2023-24
Kareem Abdul-Jabbara,1970-71
Kareem Abdul-Jabbara,1971-72
Kareem Abdul-Jabbara,1972-73
Kareem Abdul-Jabbara,1973-74
Kareem Abdul-Jabbara,1974-75
Kareem Abdul-Jabbara,1975-76
Kareem Abdul-Jabbara,1976-77
Kareem Abdul-Jabbara,1977-78
Kareem Abdul-Jabbara,1979-80
Kareem Abdul-Jabbara,1980-81
Kareem Abdul-Jabbara,1981-82
Kareem Abdul-Jabbara,1982-83
Kareem Abdul-Jabbara,1983-84
Kareem Abdul-Jabbara,1984-85
Kareem Abdul-Jabbara,1985-86
Kareem Abdul-Jabbara,1986-87
Kareem Abdul-Jabbara,1987-88
Kareem Abdul-Jabbara,1988-89
Kareem Abdul-Jabbara,1989-90
Kobe Bryant,1998-99
Kobe Bryant,2000-01
Kobe Bryant,2001-02
Kobe Bryant,2002-03
Kobe Bryant,2003-04
Kobe Bryant,2004-05
Kobe Bryant,2005-06
Kobe Bryant,2006-07
Kobe Bryant,2007-08
Kobe Bryant,2008-09
Kobe Bryant,2009-10
Kobe Bryant,2010-11
Kobe Bryant,2011-12
Kobe Bryant,2012-13
Kobe Bryant,2013-14
Kobe Bryant,2014-15
Kobe Bryant,2015-16
Kobe Bryant,2016-17
Tim Duncan,1998-99
Tim Duncan,2000-01
Tim Duncan,2001-02
Tim Duncan,2002-03
Tim Duncan,2003-04
Tim Duncan,2004-05
Tim Duncan,2005-06
Tim Duncan,2006-07
Tim Duncan,2007-08
Tim Duncan,2008-09
Tim Duncan,2009-10
Tim Duncan,2010-11
Tim Duncan,2011-12
Tim Duncan,2013-14
Tim Duncan,2015-16
Kevin Garnett,1997-98
Kevin Garnett,1998-99
Kevin Garnett,2000-01
Kevin Garnett,2001-02
Kevin Garnett,2002-03
Kevin Garnett,2003-04
Kevin Garnett,2004-05
Kevin Garnett,2005-06
Kevin Garnett,2006-07
Kevin Garnett,2007-08
Kevin Garnett,2008-09
Kevin Garnett,2009-10
Kevin Garnett,2010-11
Kevin Garnett,2011-12
Kevin Garnett,2013-14
Shaquille O'Neal,1993-94
Shaquille O'Neal,1994-95
Shaquille O'Neal,1995-96
Shaquille O'Neal,1996-97
Shaquille O'Neal,1997-98
Shaquille O'Neal,1998-99
Shaquille O'Neal,2000-01
Shaquille O'Neal,2001-02
Shaquille O'Neal,2002-03
Shaquille O'Neal,2003-04
Shaquille O'Neal,2004-05
Shaquille O'Neal,2005-06
Shaquille O'Neal,2006-07
Shaquille O'Neal,2007-08
Shaquille O'Neal,2009-10
Kevin Durant,2010-11
Kevin Durant,2011-12
Kevin Durant,2012-13
Kevin Durant,2013-14
Kevin Durant,2014-15
Kevin Durant,2015-16
Kevin Durant,2016-17
Kevin Durant,2017-18
Kevin Durant,2018-19
Kevin Durant,2019-20
Kevin Durant,2021-22
Kevin Durant,2022-23
Kevin Durant,2023-24
Kevin Durant,2024-25
Michael Jordan,1985-86
Michael Jordan,1986-87
Michael Jordan,1987-88
Michael Jordan,1988-89
Michael Jordan,1989-90
Michael Jordan,1990-91
Michael Jordan,1991-92
Michael Jordan,1992-93
Michael Jordan,1993-94
Michael Jordan,1996-97
Michael Jordan,1997-98
Michael Jordan,1998-99
Michael Jordan,2002-03
Michael Jordan,2003-04
Karl Malone,1988-89
Karl Malone,1989-90
Karl Malone,1990-91
Karl Malone,1991-92
Karl Malone,1992-93
Karl Malone,1993-94
Karl Malone,1994-95
Karl Malone,1995-96
Karl Malone,1996-97
Karl Malone,1997-98
Karl Malone,1998-99
Karl Malone,2000-01
Karl Malone,2001-02
Karl Malone,2002-03
Dirk Nowitzki,2002-03
Dirk Nowitzki,2003-04
Dirk Nowitzki,2004-05
Dirk Nowitzki,2005-06
Dirk Nowitzki,2006-07
Dirk Nowitzki,2007-08
Dirk Nowitzki,2008-09
Dirk Nowitzki,2009-10
Dirk Nowitzki,2010-11
Dirk Nowitzki,2011-12
Dirk Nowitzki,2012-13
Dirk Nowitzki,2014-15
Dirk Nowitzki,2015-16
Dirk Nowitzki,2019-20
Jerry West,1961-62
Jerry West,1962-63
Jerry West,1963-64
Jerry West,1964-65
Jerry West,1965-66
Jerry West,1966-67
Jerry West,1967-68
Jerry West,1968-69
Jerry West,1969-70
Jerry West,1970-71
Jerry West,1971-72
Jerry West,1972-73
Jerry West,1973-74
Jerry West,1974-75
Wilt Chamberlain,1960-61
Wilt Chamberlain,1961-62
Wilt Chamberlain,1962-63
Wilt Chamberlain,1963-64
Wilt Chamberlain,1964-65
Wilt Chamberlain,1965-66
Wilt Chamberlain,1966-67
Wilt Chamberlain,1967-68
Wilt Chamberlain,1968-69
Wilt Chamberlain,1969-70
Wilt Chamberlain,1971-72
Wilt Chamberlain,1972-73
Wilt Chamberlain,1973-74
Bob Cousy,1951-52
Bob Cousy,1952-53
Bob Cousy,1953-54
Bob Cousy,1954-55
Bob Cousy,1955-56
Bob Cousy,1956-57
Bob Cousy,1957-58
Bob Cousy,1958-59
Bob Cousy,1959-60
Bob Cousy,1960-61
Bob Cousy,1961-62
Bob Cousy,1962-63
Bob Cousy,1963-64
John Havlicek,1966-67
John Havlicek,1967-68
John Havlicek,1968-69
John Havlicek,1969-70
John Havlicek,1970-71
John Havlicek,1971-72
John Havlicek,1972-73
John Havlicek,1973-74
John Havlicek,1974-75
John Havlicek,1975-76
John Havlicek,1976-77
John Havlicek,1977-78
John Havlicek,1978-79
Dwyane Wade,2005-06
Dwyane Wade,2006-07
Dwyane Wade,2007-08
Dwyane Wade,2008-09
Dwyane Wade,2009-10
Dwyane Wade,2010-11
Dwyane Wade,2011-12
Dwyane Wade,2012-13
Dwyane Wade,2013-14
Dwyane Wade,2014-15
Dwyane Wade,2015-16
Dwyane Wade,2016-17
Dwyane Wade,2019-20
Larry Bird,1980-81
Larry Bird,1981-82
Larry Bird,1982-83
Larry Bird,1983-84
Larry Bird,1984-85
Larry Bird,1985-86
Larry Bird,1986-87
Larry Bird,1987-88
Larry Bird,1988-89
Larry Bird,1990-91
Larry Bird,1991-92
Larry Bird,1992-93
Elvin Hayes,1969-70
Elvin Hayes,1970-71
Elvin Hayes,1971-72
Elvin Hayes,1972-73
Elvin Hayes,1973-74
Elvin Hayes,1974-75
Elvin Hayes,1975-76
Elvin Hayes,1976-77
Elvin Hayes,1977-78
Elvin Hayes,1978-79
Elvin Hayes,1979-80
Elvin Hayes,1980-81
Magic Johnson,1980-81
Magic Johnson,1982-83
Magic Johnson,1983-84
Magic Johnson,1984-85
Magic Johnson,1985-86
Magic Johnson,1986-87
Magic Johnson,1987-88
Magic Johnson,1988-89
Magic Johnson,1989-90
Magic Johnson,1990-91
Magic Johnson,1991-92
Magic Johnson,1992-93
Moses Malone,1978-79
Moses Malone,1979-80
Moses Malone,1980-81
Moses Malone,1981-82
Moses Malone,1982-83
Moses Malone,1983-84
Moses Malone,1984-85
Moses Malone,1985-86
Moses Malone,1986-87
Moses Malone,1987-88
Moses Malone,1988-89
Moses Malone,1989-90
Hakeem Olajuwonb,1985-86
Hakeem Olajuwonb,1986-87
Hakeem Olajuwonb,1987-88
Hakeem Olajuwonb,1988-89
Hakeem Olajuwonb,1989-90
Hakeem Olajuwonb,1990-91
Hakeem Olajuwonb,1992-93
Hakeem Olajuwonb,1993-94
Hakeem Olajuwonb,1994-95
Hakeem Olajuwonb,1995-96
Hakeem Olajuwonb,1996-97
Hakeem Olajuwonb,1997-98
Chris Paul,2008-09
Chris Paul,2009-10
Chris Paul,2010-11
Chris Paul,2011-12
Chris Paul,2012-13
Chris Paul,2013-14
Chris Paul,2014-15
Chris Paul,2015-16
Chris Paul,2016-17
Chris Paul,2020-21
Chris Paul,2021-22
Chris Paul,2022-23
Oscar Robertson,1961-62
Oscar Robertson,1962-63
Oscar Robertson,1963-64
Oscar Robertson,1964-65
Oscar Robertson,1965-66
Oscar Robertson,1966-67
Oscar Robertson,1967-68
Oscar Robertson,1968-69
Oscar Robertson,1969-70
Oscar Robertson,1970-71
Oscar Robertson,1971-72
Oscar Robertson,1972-73
Bill Russell,1958-59
Bill Russell,1959-60
Bill Russell,1960-61
Bill Russell,1961-62
Bill Russell,1962-63
Bill Russell,1963-64
Bill Russell,1964-65
Bill Russell,1965-66
Bill Russell,1966-67
Bill Russell,1967-68
Bill Russell,1968-69
Bill Russell,1969-70
Dolph Schayes,1951-52
Dolph Schayes,1952-53
Dolph Schayes,1953-54
Dolph Schayes,1954-55
Dolph Schayes,1955-56
Dolph Schayes,1956-57
Dolph Schayes,1957-58
Dolph Schayes,1958-59
Dolph Schayes,1959-60
Dolph Schayes,1960-61
Dolph Schayes,1961-62
Dolph Schayes,1962-63
Isiah Thomas,1982-83
Isiah Thomas,1983-84
Isiah Thomas,1984-85
Isiah Thomas,1985-86
Isiah Thomas,1986-87
Isiah Thomas,1987-88
Isiah Thomas,1988-89
Isiah Thomas,1989-90
Isiah Thomas,1990-91
Isiah Thomas,1991-92
Isiah Thomas,1992-93
Isiah Thomas,1993-94
Charles Barkley,1987-88
Charles Barkley,1988-89
Charles Barkley,1989-90
Charles Barkley,1990-91
Charles Barkley,1991-92
Charles Barkley,1992-93
Charles Barkley,1993-94
Charles Barkley,1994-95
Charles Barkley,1995-96
Charles Barkley,1996-97
Charles Barkley,1997-98
Elgin Baylor,1959-60
Elgin Baylor,1960-61
Elgin Baylor,1961-62
Elgin Baylor,1962-63
Elgin Baylor,1963-64
Elgin Baylor,1964-65
Elgin Baylor,1965-66
Elgin Baylor,1967-68
Elgin Baylor,1968-69
Elgin Baylor,1969-70
Elgin Baylor,1970-71
Chris Bosh,2006-07
Chris Bosh,2007-08
Chris Bosh,2008-09
Chris Bosh,2009-10
Chris Bosh,2010-11
Chris Bosh,2011-12
Chris Bosh,2012-13
Chris Bosh,2013-14
Chris Bosh,2014-15
Chris Bosh,2015-16
Chris Bosh,2016-17
Julius Erving,1977-78
Julius Erving,1978-79
Julius Erving,1979-80
Julius Erving,1980-81
Julius Erving,1981-82
Julius Erving,1982-83
Julius Erving,1983-84
Julius Erving,1984-85
Julius Erving,1985-86
Julius Erving,1986-87
Julius Erving,1987-88
Patrick Ewing,1986-87
Patrick Ewing,1988-89
Patrick Ewing,1989-90
Patrick Ewing,1990-91
Patrick Ewing,1991-92
Patrick Ewing,1992-93
Patrick Ewing,1993-94
Patrick Ewing,1994-95
Patrick Ewing,1995-96
Patrick Ewing,1996-97
Patrick Ewing,1997-98
Allen Iverson,2000-01
Allen Iverson,2001-02
Allen Iverson,2002-03
Allen Iverson,2003-04
Allen Iverson,2004-05
Allen Iverson,2005-06
Allen Iverson,2006-07
Allen Iverson,2007-08
Allen Iverson,2008-09
Allen Iverson,2009-10
Allen Iverson,2010-11
Bob Pettit,1955-56
Bob Pettit,1956-57
Bob Pettit,1957-58
Bob Pettit,1958-59
Bob Pettit,1959-60
Bob Pettit,1960-61
Bob Pettit,1961-62
Bob Pettit,1962-63
Bob Pettit,1963-64
Bob Pettit,1964-65
Bob Pettit,1965-66
Ray Allen,2000-01
Ray Allen,2001-02
Ray Allen,2002-03
Ray Allen,2004-05
Ray Allen,2005-06
Ray Allen,2006-07
Ray Allen,2007-08
Ray Allen,2008-09
Ray Allen,2009-10
Ray Allen,2011-12
Carmelo Anthony†,2007-08
Carmelo Anthony†,2008-09
Carmelo Anthony†,2010-11
Carmelo Anthony†,2011-12
Carmelo Anthony†,2012-13
Carmelo Anthony†,2013-14
Carmelo Anthony†,2014-15
Carmelo Anthony†,2015-16
Carmelo Anthony†,2016-17
Carmelo Anthony†,2017-18
Paul Arizin,1951-52
Paul Arizin,1952-53
Paul Arizin,1955-56
Paul Arizin,1956-57
Paul Arizin,1957-58
Paul Arizin,1958-59
Paul Arizin,1959-60
Paul Arizin,1960-61
Paul Arizin,1961-62
Paul Arizin,1962-63
Stephen Curry,2014-15
Stephen Curry,2015-16
Stephen Curry,2016-17
Stephen Curry,2017-18
Stephen Curry,2018-19
Stephen Curry,2019-20
Stephen Curry,2021-22
Stephen Curry,2022-23
Stephen Curry,2023-24
Stephen Curry,2024-25
Clyde Drexler,1986-87
Clyde Drexler,1988-89
Clyde Drexler,1989-90
Clyde Drexler,1990-91
Clyde Drexler,1991-92
Clyde Drexler,1992-93
Clyde Drexler,1993-94
Clyde Drexler,1994-95
Clyde Drexler,1996-97
Clyde Drexler,1997-98
Hal Greer,1961-62
Hal Greer,1962-63
Hal Greer,1963-64
Hal Greer,1964-65
Hal Greer,1965-66
Hal Greer,1966-67
Hal Greer,1967-68
Hal Greer,1968-69
Hal Greer,1969-70
Hal Greer,1970-71
James Harden,2013-14
James Harden,2014-15
James Harden,2015-16
James Harden,2016-17
James Harden,2017-18
James Harden,2018-19
James Harden,2019-20
James Harden,2020-21
James Harden,2021-22
James Harden,2022-23
Jason Kidd,1996-97
Jason Kidd,1998-99
Jason Kidd,2000-01
Jason Kidd,2001-02
Jason Kidd,2002-03
Jason Kidd,2003-04
Jason Kidd,2004-05
Jason Kidd,2007-08
Jason Kidd,2008-09
Jason Kidd,2010-11
Paul Pierce,2002-03
Paul Pierce,2003-04
Paul Pierce,2004-05
Paul Pierce,2005-06
Paul Pierce,2006-07
Paul Pierce,2008-09
Paul Pierce,2009-10
Paul Pierce,2010-11
Paul Pierce,2011-12
Paul Pierce,2012-13
David Robinson,1990-91
David Robinson,1991-92
David Robinson,1992-93
David Robinson,1993-94
David Robinson,1994-95
David Robinson,1995-96
David Robinson,1996-97
David Robinson,1998-99
David Robinson,2000-01
David Robinson,2001-02
John Stockton,1989-90
John Stockton,1990-91
John Stockton,1991-92
John Stockton,1992-93
John Stockton,1993-94
John Stockton,1994-95
John Stockton,1995-96
John Stockton,1996-97
John Stockton,1997-98
John Stockton,2000-01
Anthony Davis,2014-15
Anthony Davis,2015-16
Anthony Davis,2016-17
Anthony Davis,2017-18
Anthony Davis,2018-19
Anthony Davis,2019-20
Anthony Davis,2020-21
Anthony Davis,2021-22
Anthony Davis,2024-25
Paul George,2013-14
Paul George,2014-15
Paul George,2016-17
Paul George,2017-18
Paul George,2018-19
Paul George,2019-20
Paul George,2021-22
Paul George,2023-24
Paul George,2024-25
George Gervin,1977-78
George Gervin,1978-79
George Gervin,1979-80
George Gervin,1980-81
George Gervin,1981-82
George Gervin,1982-83
George Gervin,1983-84
George Gervin,1984-85
George Gervin,1985-86
Robert Parish,1981-82
Robert Parish,1982-83
Robert Parish,1983-84
Robert Parish,1984-85
Robert Parish,1985-86
Robert Parish,1986-87
Robert Parish,1987-88
Robert Parish,1990-91
Robert Parish,1991-92
Gary Payton,1994-95
Gary Payton,1995-96
Gary Payton,1996-97
Gary Payton,1997-98
Gary Payton,1998-99
Gary Payton,2000-01
Gary Payton,2001-02
Gary Payton,2002-03
Gary Payton,2003-04
Russell Westbrook,2011-12
Russell Westbrook,2012-13
Russell Westbrook,2013-14
Russell Westbrook,2015-16
Russell Westbrook,2016-17
Russell Westbrook,2017-18
Russell Westbrook,2018-19
Russell Westbrook,2019-20
Russell Westbrook,2020-21
Lenny Wilkens,1963-64
Lenny Wilkens,1964-65
Lenny Wilkens,1965-66
Lenny Wilkens,1967-68
Lenny Wilkens,1968-69
Lenny Wilkens,1969-70
Lenny Wilkens,1970-71
Lenny Wilkens,1971-72
Lenny Wilkens,1973-74
Dominique Wilkins,1986-87
Dominique Wilkins,1987-88
Dominique Wilkins,1988-89
Dominique Wilkins,1989-90
Dominique Wilkins,1990-91
Dominique Wilkins,1991-92
Dominique Wilkins,1992-93
Dominique Wilkins,1993-94
Dominique Wilkins,1994-95
Giannis Antetokounmpo,2017-18
Giannis Antetokounmpo,2018-19
Giannis Antetokounmpo,2019-20
Giannis Antetokounmpo,2020-21
Giannis Antetokounmpo,2021-22
Giannis Antetokounmpo,2022-23
Giannis Antetokounmpo,2023-24
Giannis Antetokounmpo,2024-25
Rick Barry,1966-67
Rick Barry,1967-68
Rick Barry,1973-74
Rick Barry,1974-75
Rick Barry,1975-76
Rick Barry,1976-77
Rick Barry,1977-78
Rick Barry,1978-79
Vince Carter,2000-01
Vince Carter,2001-02
Vince Carter,2002-03
Vince Carter,2003-04
Vince Carter,2004-05
Vince Carter,2005-06
Vince Carter,2006-07
Vince Carter,2007-08
Dave Cowens,1972-73
Dave Cowens,1973-74
Dave Cowens,1974-75
Dave Cowens,1975-76
Dave Cowens,1976-77
Dave Cowens,1977-78
Dave Cowens,1978-79
Dave Cowens,1980-81
Dave DeBusschere,1966-67
Dave DeBusschere,1967-68
Dave DeBusschere,1968-69
Dave DeBusschere,1970-71
Dave DeBusschere,1971-72
Dave DeBusschere,1972-73
Dave DeBusschere,1973-74
Dave DeBusschere,1974-75
Alex English,1982-83
Alex English,1983-84
Alex English,1984-85
Alex English,1985-86
Alex English,1986-87
Alex English,1987-88
Alex English,1988-89
Alex English,1989-90
Larry Foust,1951-52
Larry Foust,1952-53
Larry Foust,1953-54
Larry Foust,1954-55
Larry Foust,1955-56
Larry Foust,1956-57
Larry Foust,1958-59
Larry Foust,1959-60
Dwight Howard†,2007-08
Dwight Howard†,2008-09
Dwight Howard†,2009-10
Dwight Howard†,2010-11
Dwight Howard†,2011-12
Dwight Howard†,2012-13
Dwight Howard†,2013-14
Dwight Howard†,2014-15
Kyrie Irving,2013-14
Kyrie Irving,2014-15
Kyrie Irving,2015-16
Kyrie Irving,2017-18
Kyrie Irving,2018-19
Kyrie Irving,2019-20
Kyrie Irving,2021-22
Kyrie Irving,2023-24
Bob Lanier,1972-73
Bob Lanier,1973-74
Bob Lanier,1974-75
Bob Lanier,1975-76
Bob Lanier,1977-78
Bob Lanier,1978-79
Bob Lanier,1979-80
Bob Lanier,1982-83
Damian Lillard,2014-15
Damian Lillard,2015-16
Damian Lillard,2018-19
Damian Lillard,2019-20
Damian Lillard,2020-21
Damian Lillard,2021-22
Damian Lillard,2023-24
Damian Lillard,2024-25
Dikembe Mutombo,1992-93
Dikembe Mutombo,1995-96
Dikembe Mutombo,1996-97
Dikembe Mutombo,1997-98
Dikembe Mutombo,1998-99
Dikembe Mutombo,2000-01
Dikembe Mutombo,2001-02
Dikembe Mutombo,2002-03
Steve Nash,2002-03
Steve Nash,2003-04
Steve Nash,2005-06
Steve Nash,2006-07
Steve Nash,2007-08
Steve Nash,2008-09
Steve Nash,2010-11
Steve Nash,2012-13
Bill Sharman,1953-54
Bill Sharman,1954-55
Bill Sharman,1955-56
Bill Sharman,1956-57
Bill Sharman,1957-58
Bill Sharman,1958-59
Bill Sharman,1959-60
Bill Sharman,1960-61
Yao Ming,2003-04
Yao Ming,2004-05
Yao Ming,2005-06
Yao Ming,2006-07
Yao Ming,2007-08
Yao Ming,2008-09
Yao Ming,2009-10
Yao Ming,2011-12
LaMarcus Aldridge†,2012-13
LaMarcus Aldridge†,2013-14
LaMarcus Aldridge†,2014-15
LaMarcus Aldridge†,2015-16
LaMarcus Aldridge†,2016-17
LaMarcus Aldridge†,2018-19
LaMarcus Aldridge†,2019-20
Dave Bing,1968-69
Dave Bing,1969-70
Dave Bing,1971-72
Dave Bing,1973-74
Dave Bing,1974-75
Dave Bing,1975-76
Dave Bing,1976-77
Joel Embiid,2018-19
Joel Embiid,2019-20
Joel Embiid,2020-21
Joel Embiid,2021-22
Joel Embiid,2022-23
Joel Embiid,2023-24
Joel Embiid,2024-25
Walt Frazier,1970-71
Walt Frazier,1971-72
Walt Frazier,1972-73
Walt Frazier,1973-74
Walt Frazier,1974-75
Walt Frazier,1975-76
Walt Frazier,1976-77
Harry Gallatin,1951-52
Harry Gallatin,1952-53
Harry Gallatin,1953-54
Harry Gallatin,1954-55
Harry Gallatin,1955-56
Harry Gallatin,1956-57
Harry Gallatin,1957-58
Grant Hill,1995-96
Grant Hill,1996-97
Grant Hill,1997-98
Grant Hill,1998-99
Grant Hill,2000-01
Grant Hill,2001-02
Grant Hill,2005-06
Joe Johnson†,2007-08
Joe Johnson†,2008-09
Joe Johnson†,2009-10
Joe Johnson†,2010-11
Joe Johnson†,2011-12
Joe Johnson†,2012-13
Joe Johnson†,2014-15
Jerry Lucas,1964-65
Jerry Lucas,1965-66
Jerry Lucas,1966-67
Jerry Lucas,1967-68
Jerry Lucas,1968-69
Jerry Lucas,1969-70
Jerry Lucas,1971-72
Ed Macauley,1951-52
Ed Macauley,1952-53
Ed Macauley,1953-54
Ed Macauley,1954-55
Ed Macauley,1955-56
Ed Macauley,1956-57
Ed Macauley,1957-58
Slater Martin,1953-54
Slater Martin,1954-55
Slater Martin,1955-56
Slater Martin,1956-57
Slater Martin,1957-58
Slater Martin,1958-59
Slater Martin,1959-60
Tracy McGrady,2001-02
Tracy McGrady,2002-03
Tracy McGrady,2003-04
Tracy McGrady,2004-05
Tracy McGrady,2005-06
Tracy McGrady,2006-07
Tracy McGrady,2007-08
Dick McGuire,1951-52
Dick McGuire,1952-53
Dick McGuire,1954-55
Dick McGuire,1955-56
Dick McGuire,1956-57
Dick McGuire,1958-59
Dick McGuire,1959-60
Kevin McHale,1984-85
Kevin McHale,1986-87
Kevin McHale,1987-88
Kevin McHale,1988-89
Kevin McHale,1989-90
Kevin McHale,1990-91
Kevin McHale,1991-92
Alonzo Mourning,1994-95
Alonzo Mourning,1995-96
Alonzo Mourning,1996-97
Alonzo Mourning,1997-98
Alonzo Mourning,2000-01
Alonzo Mourning,2001-02
Alonzo Mourning,2002-03
Scottie Pippen,1990-91
Scottie Pippen,1992-93
Scottie Pippen,1993-94
Scottie Pippen,1994-95
Scottie Pippen,1995-96
Scottie Pippen,1996-97
Scottie Pippen,1997-98
Willis Reed,1965-66
Willis Reed,1966-67
Willis Reed,1967-68
Willis Reed,1968-69
Willis Reed,1969-70
Willis Reed,1970-71
Willis Reed,1971-72
Jack Sikma,1979-80
Jack Sikma,1980-81
Jack Sikma,1981-82
Jack Sikma,1982-83
Jack Sikma,1983-84
Jack Sikma,1984-85
Jack Sikma,1985-86
Nate Thurmond,1965-66
Nate Thurmond,1966-67
Nate Thurmond,1967-68
Nate Thurmond,1968-69
Nate Thurmond,1970-71
Nate Thurmond,1973-74
Nate Thurmond,1974-75
Chet Walker,1964-65
Chet Walker,1966-67
Chet Walker,1967-68
Chet Walker,1970-71
Chet Walker,1971-72
Chet Walker,1973-74
Chet Walker,1974-75
Jo Jo White,1971-72
Jo Jo White,1972-73
Jo Jo White,1973-74
Jo Jo White,1974-75
Jo Jo White,1975-76
Jo Jo White,1976-77
Jo Jo White,1977-78
James Worthy,1986-87
James Worthy,1987-88
James Worthy,1988-89
James Worthy,1989-90
James Worthy,1990-91
James Worthy,1991-92
James Worthy,1992-93
Nate Archibald,1973-74
Nate Archibald,1975-76
Nate Archibald,1976-77
Nate Archibald,1980-81
Nate Archibald,1981-82
Nate Archibald,1982-83
Jimmy Butler,2015-16
Jimmy Butler,2016-17
Jimmy Butler,2017-18
Jimmy Butler,2018-19
Jimmy Butler,2020-21
Jimmy Butler,2022-23
Larry Costello,1958-59
Larry Costello,1959-60
Larry Costello,1960-61
Larry Costello,1961-62
Larry Costello,1962-63
Larry Costello,1965-66
Adrian Dantley,1980-81
Adrian Dantley,1981-82
Adrian Dantley,1982-83
Adrian Dantley,1984-85
Adrian Dantley,1985-86
Adrian Dantley,1986-87
Walter Davis,1978-79
Walter Davis,1979-80
Walter Davis,1980-81
Walter Davis,1981-82
Walter Davis,1984-85
Walter Davis,1987-88
DeMar DeRozan,2014-15
DeMar DeRozan,2016-17
DeMar DeRozan,2017-18
DeMar DeRozan,2018-19
DeMar DeRozan,2022-23
DeMar DeRozan,2023-24
Joe Dumars,1990-91
Joe Dumars,1991-92
Joe Dumars,1992-93
Joe Dumars,1993-94
Joe Dumars,1995-96
Joe Dumars,1997-98
Pau Gasol,2006-07
Pau Gasol,2009-10
Pau Gasol,2010-11
Pau Gasol,2011-12
Pau Gasol,2015-16
Pau Gasol,2016-17
Artis Gilmore,1978-79
Artis Gilmore,1979-80
Artis Gilmore,1981-82
Artis Gilmore,1982-83
Artis Gilmore,1983-84
Artis Gilmore,1986-87
Blake Griffin†,2011-12
Blake Griffin†,2012-13
Blake Griffin†,2013-14
Blake Griffin†,2014-15
Blake Griffin†,2015-16
Blake Griffin†,2019-20
Richie Guerin,1958-59
Richie Guerin,1959-60
Richie Guerin,1960-61
Richie Guerin,1961-62
Richie Guerin,1962-63
Richie Guerin,1963-64
Tom Heinsohn,1957-58
Tom Heinsohn,1961-62
Tom Heinsohn,1962-63
Tom Heinsohn,1963-64
Tom Heinsohn,1964-65
Tom Heinsohn,1965-66
Bailey Howell,1961-62
Bailey Howell,1962-63
Bailey Howell,1963-64
Bailey Howell,1964-65
Bailey Howell,1966-67
Bailey Howell,1967-68
Lou Hudson,1969-70
Lou Hudson,1970-71
Lou Hudson,1971-72
Lou Hudson,1972-73
Lou Hudson,1973-74
Lou Hudson,1974-75
Neil Johnston,1953-54
Neil Johnston,1954-55
Neil Johnston,1955-56
Neil Johnston,1956-57
Neil Johnston,1957-58
Neil Johnston,1958-59
Nikola Jokić,2019-20
Nikola Jokić,2020-21
Nikola Jokić,2021-22
Nikola Jokić,2022-23
Nikola Jokić,2023-24
Nikola Jokić,2024-25
Shawn Kemp,1993-94
Shawn Kemp,1994-95
Shawn Kemp,1995-96
Shawn Kemp,1996-97
Shawn Kemp,1997-98
Shawn Kemp,1998-99
Kawhi Leonard,2016-17
Kawhi Leonard,2017-18
Kawhi Leonard,2019-20
Kawhi Leonard,2020-21
Kawhi Leonard,2021-22
Kawhi Leonard,2024-25
Kyle Lowry,2015-16
Kyle Lowry,2016-17
Kyle Lowry,2017-18
Kyle Lowry,2018-19
Kyle Lowry,2019-20
Kyle Lowry,2020-21
Vern Mikkelsen,1951-52
Vern Mikkelsen,1952-53
Vern Mikkelsen,1953-54
Vern Mikkelsen,1955-56
Vern Mikkelsen,1956-57
Vern Mikkelsen,1957-58
Jermaine O'Neal,2002-03
Jermaine O'Neal,2003-04
Jermaine O'Neal,2004-05
Jermaine O'Neal,2005-06
Jermaine O'Neal,2006-07
Jermaine O'Neal,2007-08
Tony Parker,2006-07
Tony Parker,2007-08
Tony Parker,2009-10
Tony Parker,2012-13
Tony Parker,2013-14
Tony Parker,2014-15
Mitch Richmond,1993-94
Mitch Richmond,1994-95
Mitch Richmond,1995-96
Mitch Richmond,1996-97
Mitch Richmond,1997-98
Mitch Richmond,1998-99
Amar'e Stoudemire,2005-06
Amar'e Stoudemire,2007-08
Amar'e Stoudemire,2008-09
Amar'e Stoudemire,2009-10
Amar'e Stoudemire,2010-11
Amar'e Stoudemire,2011-12
Jack Twyman,1957-58
Jack Twyman,1958-59
Jack Twyman,1959-60
Jack Twyman,1960-61
Jack Twyman,1962-63
Jack Twyman,1963-64
George Yardley,1955-56
George Yardley,1956-57
George Yardley,1957-58
George Yardley,1958-59
George Yardley,1959-60
George Yardley,1960-61
Chauncey Billups,2006-07
Chauncey Billups,2007-08
Chauncey Billups,2008-09
Chauncey Billups,2009-10
Chauncey Billups,2010-11
Carl Braun,1953-54
Carl Braun,1954-55
Carl Braun,1955-56
Carl Braun,1956-57
Carl Braun,1957-58
Brad Daugherty,1988-89
Brad Daugherty,1989-90
Brad Daugherty,1991-92
Brad Daugherty,1992-93
Brad Daugherty,1993-94
Luka Dončić,2020-21
Luka Dončić,2021-22
Luka Dončić,2022-23
Luka Dončić,2023-24
Luka Dončić,2024-25
Wayne Embry,1961-62
Wayne Embry,1962-63
Wayne Embry,1963-64
Wayne Embry,1964-65
Wayne Embry,1965-66
Tom Gola,1960-61
Tom Gola,1961-62
Tom Gola,1962-63
Tom Gola,1963-64
Tom Gola,1964-65
Gail Goodrich,1969-70
Gail Goodrich,1972-73
Gail Goodrich,1973-74
Gail Goodrich,1974-75
Gail Goodrich,1975-76
Cliff Hagan,1958-59
Cliff Hagan,1959-60
Cliff Hagan,1960-61
Cliff Hagan,1961-62
Cliff Hagan,1962-63
Tim Hardaway,1991-92
Tim Hardaway,1992-93
Tim Hardaway,1993-94
Tim Hardaway,1997-98
Tim Hardaway,1998-99
Al Horford,2010-11
Al Horford,2011-12
Al Horford,2015-16
Al Horford,2016-17
Al Horford,2018-19
Dennis Johnson,1979-80
Dennis Johnson,1980-81
Dennis Johnson,1981-82
Dennis Johnson,1982-83
Dennis Johnson,1985-86
Gus Johnson,1965-66
Gus Johnson,1968-69
Gus Johnson,1969-70
Gus Johnson,1970-71
Gus Johnson,1971-72
Marques Johnson,1979-80
Marques Johnson,1980-81
Marques Johnson,1981-82
Marques Johnson,1983-84
Marques Johnson,1986-87
Sam Jones,1962-63
Sam Jones,1964-65
Sam Jones,1965-66
Sam Jones,1966-67
Sam Jones,1968-69
Rudy LaRusso,1962-63
Rudy LaRusso,1963-64
Rudy LaRusso,1966-67
Rudy LaRusso,1968-69
Rudy LaRusso,1969-70
Kevin Love,2011-12
Kevin Love,2012-13
Kevin Love,2014-15
Kevin Love,2017-18
Kevin Love,2018-19
Pete Maravich,1973-74
Pete Maravich,1974-75
Pete Maravich,1977-78
Pete Maravich,1978-79
Pete Maravich,1979-80
Bob McAdoo,1974-75
Bob McAdoo,1975-76
Bob McAdoo,1976-77
Bob McAdoo,1977-78
Bob McAdoo,1978-79
Reggie Miller,1990-91
Reggie Miller,1995-96
Reggie Miller,1996-97
Reggie Miller,1998-99
Reggie Miller,2000-01
Donovan Mitchell,2020-21
Donovan Mitchell,2021-22
Donovan Mitchell,2022-23
Donovan Mitchell,2023-24
Donovan Mitchell,2024-25
Sidney Moncrief,1982-83
Sidney Moncrief,1983-84
Sidney Moncrief,1984-85
Sidney Moncrief,1985-86
Sidney Moncrief,1986-87
Chris Mullin,1989-90
Chris Mullin,1990-91
Chris Mullin,1991-92
Chris Mullin,1992-93
Chris Mullin,1993-94
Don Ohl,1963-64
Don Ohl,1964-65
Don Ohl,1965-66
Don Ohl,1966-67
Don Ohl,1967-68
Andy Phillip,1951-52
Andy Phillip,1952-53
Andy Phillip,1953-54
Andy Phillip,1954-55
Andy Phillip,1955-56
Gene Shue,1958-59
Gene Shue,1959-60
Gene Shue,1960-61
Gene Shue,1961-62
Gene Shue,1962-63
Jayson Tatum,2020-21
Jayson Tatum,2021-22
Jayson Tatum,2022-23
Jayson Tatum,2023-24
Jayson Tatum,2024-25
Klay Thompson,2015-16
Klay Thompson,2016-17
Klay Thompson,2017-18
Klay Thompson,2018-19
Klay Thompson,2019-20
Rudy Tomjanovich,1974-75
Rudy Tomjanovich,1975-76
Rudy Tomjanovich,1976-77
Rudy Tomjanovich,1977-78
Rudy Tomjanovich,1979-80
Wes Unseld,1969-70
Wes Unseld,1971-72
Wes Unseld,1972-73
Wes Unseld,1973-74
Wes Unseld,1975-76
John Wall†,2014-15
John Wall†,2015-16
John Wall†,2016-17
John Wall†,2017-18
John Wall†,2018-19
Bobby Wanzer,1952-53
Bobby Wanzer,1953-54
Bobby Wanzer,1954-55
Bobby Wanzer,1955-56
Bobby Wanzer,1956-57
Chris Webber,1997-98
Chris Webber,2000-01
Chris Webber,2001-02
Chris Webber,2002-03
Chris Webber,2003-04
Paul Westphal,1977-78
Paul Westphal,1978-79
Paul Westphal,1979-80
Paul Westphal,1980-81
Paul Westphal,1981-82
Vin Baker,1995-96
Vin Baker,1996-97
Vin Baker,1997-98
Vin Baker,1998-99
Walt Bellamy,1962-63
Walt Bellamy,1963-64
Walt Bellamy,1964-65
Walt Bellamy,1965-66
Otis Birdsong,1979-80
Otis Birdsong,1980-81
Otis Birdsong,1981-82
Otis Birdsong,1984-85
Rolando Blackman,1985-86
Rolando Blackman,1986-87
Rolando Blackman,1987-88
Rolando Blackman,1990-91
Devin Booker,2020-21
Devin Booker,2021-22
Devin Booker,2022-23
Devin Booker,2024-25
Tom Chambers,1987-88
Tom Chambers,1989-90
Tom Chambers,1990-91
Tom Chambers,1991-92
Maurice Cheeks,1983-84
Maurice Cheeks,1986-87
Maurice Cheeks,1987-88
Maurice Cheeks,1988-89
Doug Collins,1976-77
Doug Collins,1977-78
Doug Collins,1978-79
Doug Collins,1979-80
DeMarcus Cousins†,2015-16
DeMarcus Cousins†,2016-17
DeMarcus Cousins†,2017-18
DeMarcus Cousins†,2018-19
Billy Cunningham,1969-70
Billy Cunningham,1970-71
Billy Cunningham,1971-72
Billy Cunningham,1972-73
Bob Dandridge,1973-74
Bob Dandridge,1975-76
Bob Dandridge,1976-77
Bob Dandridge,1979-80
Bob Davies,1951-52
Bob Davies,1952-53
Bob Davies,1953-54
Bob Davies,1954-55
Dick Garmaker,1957-58
Dick Garmaker,1958-59
Dick Garmaker,1959-60
Dick Garmaker,1960-61
Draymond Green,2016-17
Draymond Green,2017-18
Draymond Green,2018-19
Draymond Green,2022-23
Johnny Green,1962-63
Johnny Green,1963-64
Johnny Green,1965-66
Johnny Green,1971-72
Penny Hardaway,1995-96
Penny Hardaway,1996-97
Penny Hardaway,1997-98
Penny Hardaway,1998-99
Connie Hawkins,1970-71
Connie Hawkins,1971-72
Connie Hawkins,1972-73
Connie Hawkins,1973-74
Spencer Haywood,1972-73
Spencer Haywood,1973-74
Spencer Haywood,1974-75
Spencer Haywood,1975-76
Mel Hutchins,1953-54
Mel Hutchins,1954-55
Mel Hutchins,1956-57
Mel Hutchins,1957-58
Bobby Jones,1977-78
Bobby Jones,1978-79
Bobby Jones,1981-82
Bobby Jones,1982-83
Bernard King,1982-83
Bernard King,1984-85
Bernard King,1985-86
Bernard King,1991-92
Bill Laimbeer,1983-84
Bill Laimbeer,1984-85
Bill Laimbeer,1985-86
Bill Laimbeer,1987-88
Clyde Lovellette,1956-57
Clyde Lovellette,1957-58
Clyde Lovellette,1960-61
Clyde Lovellette,1961-62
Maurice Lucas,1977-78
Maurice Lucas,1978-79
Maurice Lucas,1979-80
Maurice Lucas,1983-84
Shawn Marion,2003-04
Shawn Marion,2005-06
Shawn Marion,2006-07
Shawn Marion,2007-08
George Mikan,1951-52
George Mikan,1952-53
George Mikan,1953-54
George Mikan,1954-55
Paul Millsap†,2014-15
Paul Millsap†,2015-16
Paul Millsap†,2016-17
Paul Millsap†,2017-18
Earl Monroe,1969-70
Earl Monroe,1971-72
Earl Monroe,1975-76
Earl Monroe,1977-78
Willie Naulls,1958-59
Willie Naulls,1960-61
Willie Naulls,1961-62
Willie Naulls,1962-63
Jim Pollard,1951-52
Jim Pollard,1952-53
Jim Pollard,1954-55
Jim Pollard,1955-56
Mark Price,1989-90
Mark Price,1992-93
Mark Price,1993-94
Mark Price,1994-95
Micheal Ray Richardson,1980-81
Micheal Ray Richardson,1981-82
Micheal Ray Richardson,1982-83
Micheal Ray Richardson,1985-86
Arnie Risen,1952-53
Arnie Risen,1953-54
Arnie Risen,1954-55
Arnie Risen,1955-56
Alvin Robertson,1986-87
Alvin Robertson,1987-88
Alvin Robertson,1988-89
Alvin Robertson,1991-92
Guy Rodgers,1963-64
Guy Rodgers,1964-65
Guy Rodgers,1966-67
Guy Rodgers,1967-68
Rajon Rondo†,2010-11
Rajon Rondo†,2011-12
Rajon Rondo†,2012-13
Rajon Rondo†,2013-14
Ralph Sampson,1984-85
Ralph Sampson,1985-86
Ralph Sampson,1986-87
Ralph Sampson,1987-88
Latrell Sprewell,1994-95
Latrell Sprewell,1995-96
Latrell Sprewell,1997-98
Latrell Sprewell,2001-02
David Thompson,1977-78
David Thompson,1978-79
David Thompson,1979-80
David Thompson,1983-84
Karl-Anthony Towns,2018-19
Karl-Anthony Towns,2019-20
Karl-Anthony Towns,2022-23
Karl-Anthony Towns,2024-25
Kemba Walker†,2017-18
Kemba Walker†,2018-19
Kemba Walker†,2019-20
Kemba Walker†,2020-21
Ben Wallace,2003-04
Ben Wallace,2004-05
Ben Wallace,2005-06
Ben Wallace,2006-07
Rasheed Wallace,2000-01
Rasheed Wallace,2001-02
Rasheed Wallace,2006-07
Rasheed Wallace,2008-09
Sidney Wicks,1972-73
Sidney Wicks,1973-74
Sidney Wicks,1974-75
Sidney Wicks,1975-76
Bam Adebayo,2020-21
Bam Adebayo,2023-24
Bam Adebayo,2024-25
Mark Aguirre,1984-85
Mark Aguirre,1987-88
Mark Aguirre,1988-89
Gilbert Arenas,2005-06
Gilbert Arenas,2006-07
Gilbert Arenas,2007-08
Bradley Beal,2018-19
Bradley Beal,2019-20
Bradley Beal,2021-22
Bill Bridges,1967-68
Bill Bridges,1968-69
Bill Bridges,1970-71
Jaylen Brown,2021-22
Jaylen Brown,2023-24
Jaylen Brown,2024-25
Phil Chenier,1974-75
Phil Chenier,1975-76
Phil Chenier,1977-78
Terry Dischinger,1963-64
Terry Dischinger,1964-65
Terry Dischinger,1965-66
Steve Francis,2002-03
Steve Francis,2003-04
Steve Francis,2004-05
Marc Gasol§,2012-13
Marc Gasol§,2015-16
Marc Gasol§,2017-18
Rudy Gobert,2020-21
Rudy Gobert,2021-22
Rudy Gobert,2022-23
Richard Hamilton,2006-07
Richard Hamilton,2007-08
Richard Hamilton,2008-09
Kevin Johnson,1990-91
Kevin Johnson,1991-92
Kevin Johnson,1994-95
Eddie Jones,1997-98
Eddie Jones,1998-99
Eddie Jones,2000-01
Bob Kauffman,1971-72
Bob Kauffman,1972-73
Bob Kauffman,1973-74
Johnny Kerr,1956-57
Johnny Kerr,1959-60
Johnny Kerr,1963-64
Bob Love,1971-72
Bob Love,1972-73
Bob Love,1973-74
Dan Majerle,1992-93
Dan Majerle,1993-94
Dan Majerle,1995-96
George McGinnis,1976-77
George McGinnis,1977-78
George McGinnis,1979-80
Khris Middleton,2019-20
Khris Middleton,2020-21
Khris Middleton,2022-23
Jeff Mullins,1969-70
Jeff Mullins,1970-71
Jeff Mullins,1971-72
Larry Nance,1985-86
Larry Nance,1989-90
Larry Nance,1993-94
Julius Randle,2021-22
Julius Randle,2023-24
Julius Randle,2024-25
Glen Rice,1996-97
Glen Rice,1997-98
Glen Rice,1998-99
Derrick Rose,2010-11
Derrick Rose,2011-12
Derrick Rose,2012-13
Dan Roundfield,1980-81
Dan Roundfield,1981-82
Dan Roundfield,1982-83
Brandon Roy,2008-09
Brandon Roy,2009-10
Brandon Roy,2010-11
Domantas Sabonis,2020-21
Domantas Sabonis,2021-22
Domantas Sabonis,2023-24
Detlef Schrempf,1993-94
Detlef Schrempf,1995-96
Detlef Schrempf,1997-98
Charlie Scott,1973-74
Charlie Scott,1974-75
Charlie Scott,1975-76
Paul Seymour,1953-54
Paul Seymour,1954-55
Paul Seymour,1955-56
Ben Simmons,2019-20
Ben Simmons,2020-21
Ben Simmons,2021-22
Peja Stojaković,2002-03
Peja Stojaković,2003-04
Peja Stojaković,2004-05
Maurice Stokes,1956-57
Maurice Stokes,1957-58
Maurice Stokes,1958-59
Dick Van Arsdale,1969-70
Dick Van Arsdale,1970-71
Dick Van Arsdale,1971-72
Tom Van Arsdale,1970-71
Tom Van Arsdale,1971-72
Tom Van Arsdale,1972-73
Norm Van Lier,1974-75
Norm Van Lier,1976-77
Norm Van Lier,1977-78
Antoine Walker,1998-99
Antoine Walker,2002-03
Antoine Walker,2003-04
Jamaal Wilkes,1976-77
Jamaal Wilkes,1981-82
Jamaal Wilkes,1983-84
Buck Williams,1982-83
Buck Williams,1983-84
Buck Williams,1986-87
Deron Williams,2010-11
Deron Williams,2011-12
Deron Williams,2012-13
Trae Young,2020-21
Trae Young,2022-23
Trae Young,2024-25
Leo Barnhorst,1952-53
Leo Barnhorst,1953-54
Zelmo Beaty,1966-67
Zelmo Beaty,1968-69
Carlos Boozer,2007-08
Carlos Boozer,2008-09
Elton Brand,2002-03
Elton Brand,2006-07
Terrell Brandon,1996-97
Terrell Brandon,1997-98
Frank Brian,1951-52
Frank Brian,1952-53
Caron Butler,2007-08
Caron Butler,2008-09
Joe Caldwell,1969-70
Joe Caldwell,1970-71
Archie Clark,1968-69
Archie Clark,1972-73
Terry Cummings,1985-86
Terry Cummings,1989-90
Baron Davis,2002-03
Baron Davis,2004-05
Luol Deng,2012-13
Luol Deng,2013-14
John Drew,1976-77
John Drew,1980-81
Andre Drummond,2016-17
Andre Drummond,2018-19
Kevin Duckworth,1989-90
Kevin Duckworth,1991-92
Walter Dukes,1960-61
Walter Dukes,1961-62
Dwight Eddleman,1951-52
Dwight Eddleman,1952-53
Anthony Edwards,2023-24
Anthony Edwards,2024-25
Sean Elliott,1993-94
Sean Elliott,1996-97
Michael Finley,2000-01
Michael Finley,2001-02
Joe Fulks,1951-52
Joe Fulks,1952-53
Jack George,1956-57
Jack George,1957-58
Shai Gilgeous-Alexander,2023-24
Shai Gilgeous-Alexander,2024-25
Manu Ginóbili,2005-06
Manu Ginóbili,2011-12
Tyrese Haliburton,2023-24
Tyrese Haliburton,2024-25
Roy Hibbert,2012-13
Roy Hibbert,2014-15
Jrue Holiday,2013-14
Jrue Holiday,2023-24
Allan Houston,2000-01
Allan Houston,2001-02
Rod Hundley,1960-61
Rod Hundley,1961-62
Žydrūnas Ilgauskas,2003-04
Žydrūnas Ilgauskas,2005-06
Antawn Jamison,2005-06
Antawn Jamison,2008-09
Eddie Johnson,1980-81
Eddie Johnson,1981-82
John Johnson,1971-72
John Johnson,1972-73
Larry Johnson,1993-94
Larry Johnson,1995-96
Larry Kenon,1978-79
Larry Kenon,1979-80
Don Kojis,1968-69
Don Kojis,1969-70
Zach LaVine,2021-22
Zach LaVine,2022-23
David Lee,2010-11
David Lee,2013-14
Fat Lever,1988-89
Fat Lever,1990-91
Rashard Lewis,2005-06
Rashard Lewis,2009-10
Jeff Malone,1986-87
Jeff Malone,1987-88
Danny Manning,1993-94
Danny Manning,1994-95
Stephon Marbury,2001-02
Stephon Marbury,2003-04
Jack Marin,1972-73
Jack Marin,1973-74
Brad Miller,2003-04
Brad Miller,2004-05
Ja Morant,2022-23
Ja Morant,2023-24
Norm Nixon,1982-83
Norm Nixon,1985-86
Joakim Noah,2013-14
Joakim Noah,2014-15
Victor Oladipo,2018-19
Victor Oladipo,2019-20
Jim Paxson,1983-84
Jim Paxson,1984-85
Geoff Petrie,1971-72
Geoff Petrie,1974-75
Terry Porter,1991-92
Terry Porter,1993-94
Zach Randolph,2010-11
Zach Randolph,2013-14
Glenn Robinson,2000-01
Glenn Robinson,2001-02
Truck Robinson,1978-79
Truck Robinson,1981-82
Red Rocha,1951-52
Red Rocha,1952-53
Dennis Rodman,1990-91
Dennis Rodman,1992-93
Jeff Ruland,1984-85
Jeff Ruland,1985-86
Fred Scolari,1952-53
Fred Scolari,1953-54
Ken Sears,1958-59
Ken Sears,1959-60
Frank Selvy,1955-56
Frank Selvy,1962-63
Pascal Siakam,2020-21
Pascal Siakam,2023-24
Paul Silas,1972-73
Paul Silas,1975-76
Jerry Sloan,1967-68
Jerry Sloan,1969-70
Phil Smith,1976-77
Phil Smith,1977-78
Randy Smith,1976-77
Randy Smith,1978-79
Jerry Stackhouse,2000-01
Jerry Stackhouse,2001-02
Reggie Theus,1981-82
Reggie Theus,1983-84
Isaiah Thomas,2016-17
Isaiah Thomas,2017-18
Andrew Toney,1983-84
Andrew Toney,1984-85
Kelly Tripucka,1982-83
Kelly Tripucka,1984-85
Kiki Vandeweghe,1983-84
Kiki Vandeweghe,1984-85
Nikola Vučević,2019-20
Nikola Vučević,2021-22
Jimmy Walker,1970-71
Jimmy Walker,1972-73
Bill Walton,1977-78
Bill Walton,1978-79
Scott Wedman,1976-77
Scott Wedman,1980-81
David West,2008-09
David West,2009-10
Gus Williams,1982-83
Gus Williams,1983-84
Zion Williamson,2021-22
Zion Williamson,2023-24
Brian Winters,1976-77
Brian Winters,1978-79
Shareef Abdur-Rahim,2002-03
Alvan Adams,1976-77
Michael Adams,1992-93
Danny Ainge,1988-89
Jarrett Allen,2022-23
Kenny Anderson,1994-95
B. J. Armstrong,1994-95
LaMelo Ball,2022-23
Paolo Banchero,2024-25
Don Barksdale,1953-54
Scottie Barnes,2024-25
Dick Barnett,1968-69
Dana Barros,1995-96
Butch Beard,1972-73
Ralph Beard,1951-52
Mookie Blaylock,1994-95
John Block,1973-74
Bob Boozer,1968-69
Vince Boryla,1951-52
Bill Bradley,1973-74
Fred Brown,1976-77
Jalen Brunson,2024-25
Don Buse,1977-78
Andrew Bynum,2012-13
Austin Carr,1974-75
Joe Barry Carroll,1987-88
Bill Cartwright,1980-81
Sam Cassell,2004-05
Cedric Ceballos,1995-96
Tyson Chandler,2013-14
Len Chappell,1964-65
Nathaniel Clifton,1957-58
Derrick Coleman,1994-95
Jack Coleman,1955-56
Mike Conley,2021-22
Antonio Davis,2001-02
Dale Davis,2000-01
Vlade Divac,2001-02
James Donaldson,1988-89
Goran Dragić†,2018-19
Mark Eaton,1989-90
Dale Ellis,1989-90
Ray Felix,1954-55
Sleepy Floyd,1987-88
De'Aaron Fox,2023-24
World B. Free,1980-81
Billy Gabor,1953-54
Darius Garland,2022-23
Chris Gatling,1997-98
Danny Granger,2009-10
Horace Grant,1994-95
A.C. Green,1990-91
Rickey Green,1984-85
Alex Groza,1951-52
Tom Gugliotta,1997-98
Devin Harris,2009-10
Bob Harrison,1956-57
Hersey Hawkins,1991-92
Gordon Hayward†,2017-18
Walt Hazzard,1968-69
Tyrone Hill,1995-96
Lionel Hollins,1978-79
Jeff Hornacek,1992-93
Josh Howard,2007-08
Juwan Howard,1996-97
Andre Iguodala†,2012-13
Darrall Imhoff,1967-68
Brandon Ingram,2020-21
Dan Issel,1977-78
Jaren Jackson Jr.,2023-24
Lucious Jackson,1965-66
Mark Jackson,1989-90
Steve Johnson,1988-89
DeAndre Jordan,2017-18
Chris Kaman,2010-11
Jim King,1968-69
Andrei Kirilenko,2004-05
Billy Knight,1977-78
Kyle Korver,2015-16
Sam Lacey,1975-76
Christian Laettner,1997-98
Clyde Lee,1968-69
Reggie Lewis,1992-93
Brook Lopez,2013-14
Jamaal Magloire,2004-05
Lauri Markkanen,2023-24
Kenyon Martin,2004-05
Jamal Mashburn,2003-04
Anthony Mason,2001-02
Tyrese Maxey,2024-25
Xavier McDaniel,1988-89
Antonio McDyess,2001-02
Jon McGlocklin,1969-70
Tom Meschery,1963-64
Eddie Miles,1966-67
Mike Mitchell,1981-82
Steve Mix,1975-76
Jack Molinas,1954-55
Calvin Murphy,1979-80
Dejounte Murray,2022-23
Calvin Natt,1985-86
Jameer Nelson,2009-10
Chuck Noble,1960-61
Charles Oakley,1994-95
Mehmet Okur,2007-08
Ricky Pierce,1991-92
Kristaps Porziņģis,2018-19
Jim Price,1975-76
Theo Ratliff,2001-02
Michael Redd,2004-05
Richie Regan,1957-58
Doc Rivers,1988-89
Clifford Robinson,1994-95
Flynn Robinson,1970-71
Curtis Rowe,1976-77
Bob Rule,1970-71
Campy Russell,1979-80
Cazzie Russell,1972-73
D'Angelo Russell,2019-20
Woody Sauldsberry,1959-60
Fred Schaus,1951-52
Lee Shaffer,1963-64
Lonnie Shelton,1982-83
Adrian Smith,1966-67
Steve Smith,1998-99
Rik Smits,1998-99
John Starks,1994-95
Don Sunderlage,1954-55
Wally Szczerbiak,2002-03
Jeff Teague§,2015-16
Otis Thorpe,1992-93
Nick Van Exel,1998-99
Fred VanVleet,2022-23
Gerald Wallace,2010-11
Paul Walther,1952-53
Kermit Washington,1980-81
Andrew Wiggins,2022-23
Jayson Williams,1998-99
Mo Williams,2009-10
Kevin Willis,1992-93
Metta World Peaced,2004-05
Max Zaslofsky,1952-53
